model,dataset,mse,r2_score
LSTM,validation,588.7556514,0.697435697
Linear Regression,validation,721.4506553,0.773097526
LSTM,test,1103.643023,0.780820974
Linear Regression,test,2822.467184,0.541891133
